Sample Volume (ml)	50.000000 
Titrant normality	0.050000 
Equivalent Volume (ml)	0.051161 
ANC (eq/L)	0.000051 
correlation coefficient	0.998861 

Titrant Volume (ml)	pH	F1
0.000000	7.764146	0.000000
0.250000	3.769378	0.000171
0.500000	3.389472	0.000412
0.750000	3.216781	0.000616
