Sample Volume (ml)	50.000000 
Titrant normality	0.050000 
Equivalent Volume (ml)	1.579334 
ANC (eq/L)	0.001579 
correlation coefficient	0.998078 

Titrant Volume (ml)	pH	F1
0.000000	7.644196	0.000000
0.250000	6.991578	0.000000
0.500000	6.553792	0.000000
0.750000	6.274154	0.000001
1.000000	5.987160	0.000001
1.250000	5.666766	0.000002
1.500000	5.088123	0.000008
1.750000	3.757690	0.000181
2.000000	3.326451	0.000490
2.250000	3.149926	0.000740
