Sample Volume (ml)	50.000000 
Titrant normality	0.050000 
Equivalent Volume (ml)	1.587450 
ANC (eq/L)	0.001587 
correlation coefficient	0.997980 

Titrant Volume (ml)	pH	F1
0.000000	7.603229	0.000000
1.000000	5.905116	0.000001
1.250000	5.615152	0.000002
1.500000	5.125354	0.000008
1.750000	3.799300	0.000164
2.000000	3.352710	0.000462
2.250000	3.174040	0.000700
