Sample Volume (ml)	50.000000 
Titrant normality	0.050000 
Equivalent Volume (ml)	0.421620 
ANC (eq/L)	0.000422 
correlation coefficient	0.998737 

Titrant Volume (ml)	pH	F1
0.000000	6.701768	0.000000
0.250000	6.079732	0.000001
0.500000	4.100957	0.000080
0.750000	3.419920	0.000386
1.000000	3.200497	0.000643
