Sample Volume (ml)	50.000000 
Titrant normality	0.050000 
Equivalent Volume (ml)	0.407418 
ANC (eq/L)	0.000407 
correlation coefficient	0.998786 

Titrant Volume (ml)	pH	F1
0.000000	6.226671	0.000001
0.250000	5.887946	0.000001
0.500000	4.007563	0.000099
0.750000	3.389045	0.000414
1.000000	3.176124	0.000680
