Sample Volume (ml)	50.000000 
Titrant normality	0.050000 
Equivalent Volume (ml)	-0.081910 
ANC (eq/L)	-0.000082 
correlation coefficient	0.999587 

Titrant Volume (ml)	pH	F1
0.000000	5.175616	0.000007
0.250000	3.498918	0.000319
0.500000	3.245622	0.000574
0.750000	3.100869	0.000805
