Sample Volume (ml)	50.000000 
Titrant normality	0.050000 
Equivalent Volume (ml)	-0.094937 
ANC (eq/L)	-0.000095 
correlation coefficient	0.999726 

Titrant Volume (ml)	pH	F1
0.000000	5.101892	0.000008
0.250000	3.467984	0.000342
0.500000	3.224232	0.000603
0.750000	3.080666	0.000843
