Sample Volume (ml)	50.000000 
Titrant normality	0.050000 
Equivalent Volume (ml)	1.008155 
ANC (eq/L)	0.001008 
correlation coefficient	0.999691 

Titrant Volume (ml)	pH	F1
0.000000	6.652272	0.000000
0.250000	6.460776	0.000000
0.500000	6.089127	0.000001
0.750000	5.677996	0.000002
1.000000	5.001163	0.000010
1.250000	3.631104	0.000240
1.500000	3.312140	0.000502
1.750000	3.144158	0.000743
