Sample Volume (ml)	50.000000 
Titrant normality	0.050000 
Equivalent Volume (ml)	0.990304 
ANC (eq/L)	0.000990 
correlation coefficient	0.999549 

Titrant Volume (ml)	pH	F1
0.000000	6.428685	0.000000
0.750000	5.648520	0.000002
1.000000	4.936509	0.000012
1.250000	3.602646	0.000256
1.500000	3.285478	0.000534
1.750000	3.128172	0.000770
